编号	分类	名称	状态	类型	当前图片	初版图片	像素尺寸	来源条目	Notion来源	提示词	SHA256
OLD01	00_已有素材	第二关_双入口最新调整	已完成	已有素材	00_已有素材/第二关_双入口最新调整.png	00_已有素材/第二关_双入口最新调整.png	1672×941	本地已有图片，保留此前确认版本与概念留档			01C53A0D0FF33DCA6AEF9DCE1242BF68CEA39C9252847EFF1D2EF44E8C2D8C9F
OLD02	00_已有素材	第一关_六塔位确认版	已完成	已有素材	00_已有素材/第一关_六塔位确认版.png	00_已有素材/第一关_六塔位确认版.png	1672×941	本地已有图片，保留此前确认版本与概念留档			3055857DF71F57A77246E11EC0F6D7C266B61900F114A143A3044E9CFCB561B9
OLD03	00_已有素材	巨噬细胞清道夫_基础	已完成	已有素材	00_已有素材/巨噬细胞清道夫_基础.png	00_已有素材/巨噬细胞清道夫_基础.png	1374×1145	本地已有图片，保留此前确认版本与概念留档			6E5DDCB48BDD53EF36D8FDAB3DF5C76AB37D3930DB6A15E0124B15F16F29F715
OLD04	00_已有素材	抗体B细胞中继_基础	已完成	已有素材	00_已有素材/抗体B细胞中继_基础.png	00_已有素材/抗体B细胞中继_基础.png	1374×1145	本地已有图片，保留此前确认版本与概念留档			C65614230500C4CE6942DF68207309D494DB1AAD7CFC48600059B4DC95E38054
OLD05	00_已有素材	溶酶体酸化炮_基础	已完成	已有素材	00_已有素材/溶酶体酸化炮_基础.png	00_已有素材/溶酶体酸化炮_基础.png	1374×1145	本地已有图片，保留此前确认版本与概念留档			BB620B1AFDA89F2BEB16AE22473B2D403BC9DC659A33A55CB9635D88297DB256
OLD06	00_已有素材	神经脉冲刺突_基础	已完成	已有素材	00_已有素材/神经脉冲刺突_基础.png	00_已有素材/神经脉冲刺突_基础.png	1374×1145	本地已有图片，保留此前确认版本与概念留档			3BF1339AF92C91ADB174BB046E234B2E0DCD891C187C2CE7F0CED988435EB689
OLD07	00_已有素材	纤维蛋白壁垒_基础	已完成	已有素材	00_已有素材/纤维蛋白壁垒_基础.png	00_已有素材/纤维蛋白壁垒_基础.png	1374×1145	本地已有图片，保留此前确认版本与概念留档			A69840280DCBBE5C32EA3830D0484436F15A65C6103DE03C92DBE4B77E458B12
OLD08	00_已有素材	早期普通病原体_概念留档	已完成	已有素材	00_已有素材/早期普通病原体_概念留档.png	00_已有素材/早期普通病原体_概念留档.png	1254×1254	本地已有图片，保留此前确认版本与概念留档			C184C072872225BDA5DD45842154541AEB2E2C76F742DD2E74580D40FE9C1B36
OLD09	00_已有素材	中性粒细胞哨兵_基础	已完成	已有素材	00_已有素材/中性粒细胞哨兵_基础.png	00_已有素材/中性粒细胞哨兵_基础.png	1374×1145	本地已有图片，保留此前确认版本与概念留档			09502A6A806E94E056390BA1E318F90BBD030406EC6DE0EA3ACC1CA093E4CEEA
001	01_塔升级	中性粒细胞哨兵_LV2_趋化强化	已完成	补绘	01_塔升级/001_中性粒细胞哨兵_LV2_趋化强化.png	01_塔升级/001_中性粒细胞哨兵_LV2_趋化强化.png	1254×1254	tower:2.3 LV2 追加句：趋化强化	https://app.notion.com/p/3b8c4f95162081bab6b1e1759f0c43cd?pvs=204	00_清单/提示词/001.txt	AFCFC07D4A7E50D1883467828E6FECA2CB5E4BE9D04B227D77FA31AF16E4BBF8
002	01_塔升级	中性粒细胞哨兵_LV3A_NET 捕获	已完成	补绘	01_塔升级/002_中性粒细胞哨兵_LV3A_NET捕获.png	01_塔升级/002_中性粒细胞哨兵_LV3A_NET捕获.png	1254×1254	tower:2.4 LV3-A：NET 捕获	https://app.notion.com/p/3b8c4f95162081bab6b1e1759f0c43cd?pvs=204	00_清单/提示词/002.txt	47B37CAB1A929F1226056FB0A4DAC61D4BDE95DAE3BF53B820A0108D7E91B30E
003	01_塔升级	中性粒细胞哨兵_LV3B_精准趋化	已完成	补绘	01_塔升级/003_中性粒细胞哨兵_LV3B_精准趋化.png	01_塔升级/003_中性粒细胞哨兵_LV3B_精准趋化.png	1254×1254	tower:2.5 LV3-B：精准趋化	https://app.notion.com/p/3b8c4f95162081bab6b1e1759f0c43cd?pvs=204	00_清单/提示词/003.txt	5F8A6B89AF18E46EC492668111F8B6118AFB497DFBCD296BD41D60A1C5819172
005	01_塔升级	纤维蛋白壁垒_LV2_纤维致密	已完成	补绘	01_塔升级/005_纤维蛋白壁垒_LV2_纤维致密.png	01_塔升级/005_纤维蛋白壁垒_LV2_纤维致密.png	1254×1254	tower:3.3 LV2 追加句：纤维致密	https://app.notion.com/p/3b8c4f95162081bab6b1e1759f0c43cd?pvs=204	00_清单/提示词/005.txt	0B2C5FAF10540C8321A9C3A3201747A2E662AC39AD4C93A4A23DF61AF2926350
006	01_塔升级	纤维蛋白壁垒_LV3A_隔离纤维	已完成	补绘	01_塔升级/006_纤维蛋白壁垒_LV3A_隔离纤维.png	01_塔升级/006_纤维蛋白壁垒_LV3A_隔离纤维.png	1254×1254	tower:3.4 LV3-A：隔离纤维	https://app.notion.com/p/3b8c4f95162081bab6b1e1759f0c43cd?pvs=204	00_清单/提示词/006.txt	8C04A3AA911F9F617A7C06FC7B52A5AFD8A691AAA7F32CC5A83DDEBC04C2FD2F
007	01_塔升级	纤维蛋白壁垒_LV3B_稳态凝固	已完成	补绘	01_塔升级/007_纤维蛋白壁垒_LV3B_稳态凝固.png	01_塔升级/007_纤维蛋白壁垒_LV3B_稳态凝固.png	1254×1254	tower:3.5 LV3-B：稳态凝固	https://app.notion.com/p/3b8c4f95162081bab6b1e1759f0c43cd?pvs=204	00_清单/提示词/007.txt	95F0AD8E174A91A0B58F898123391D1FADFF526DFDE32146072C5DA56E669208
009	01_塔升级	溶酶体酸化炮_LV2_囊泡储备	已完成	补绘	01_塔升级/009_溶酶体酸化炮_LV2_囊泡储备.png	01_塔升级/009_溶酶体酸化炮_LV2_囊泡储备.png	1254×1254	tower:4.3 LV2 追加句：囊泡储备	https://app.notion.com/p/3b8c4f95162081bab6b1e1759f0c43cd?pvs=204	00_清单/提示词/009.txt	187356FE908E9486B1E577759238950DD383A44EC40D16A69C53807AB1D1F350
010	01_塔升级	溶酶体酸化炮_LV3A_破膜酸化	已完成	补绘	01_塔升级/010_溶酶体酸化炮_LV3A_破膜酸化.png	01_塔升级/010_溶酶体酸化炮_LV3A_破膜酸化.png	1254×1254	tower:4.4 LV3-A：破膜酸化	https://app.notion.com/p/3b8c4f95162081bab6b1e1759f0c43cd?pvs=204	00_清单/提示词/010.txt	8A7D06B4D0E2D5174DE66BE48FA1C144387034C78BD323052D1FCCBF02F148EA
011	01_塔升级	溶酶体酸化炮_LV3B_定向囊泡	已完成	补绘	01_塔升级/011_溶酶体酸化炮_LV3B_定向囊泡.png	01_塔升级/011_溶酶体酸化炮_LV3B_定向囊泡.png	1254×1254	tower:4.5 LV3-B：定向囊泡	https://app.notion.com/p/3b8c4f95162081bab6b1e1759f0c43cd?pvs=204	00_清单/提示词/011.txt	69BFDD3A857A48045389320BD722C0A6FE38B5757AF5350651DE14FD72BF3064
013	01_塔升级	神经脉冲刺突_LV2_传导增幅	已完成	补绘	01_塔升级/013_神经脉冲刺突_LV2_传导增幅.png	01_塔升级/013_神经脉冲刺突_LV2_传导增幅.png	1254×1254	tower:5.3 LV2 追加句：传导增幅	https://app.notion.com/p/3b8c4f95162081bab6b1e1759f0c43cd?pvs=204	00_清单/提示词/013.txt	9D5B86ED3E26EE12657A4399E1E1D3E31146E86AEC8EF530A57E51112DC4F07D
014	01_塔升级	神经脉冲刺突_LV3A_信号封锁	已完成	补绘	01_塔升级/014_神经脉冲刺突_LV3A_信号封锁.png	01_塔升级/014_神经脉冲刺突_LV3A_信号封锁.png	1254×1254	tower:5.4 LV3-A：信号封锁	https://app.notion.com/p/3b8c4f95162081bab6b1e1759f0c43cd?pvs=204	00_清单/提示词/014.txt	16AC6884F6FED530662E6F6D7CF464CD2CF3FC6DA0B903423120E23A422F44E1
015	01_塔升级	神经脉冲刺突_LV3B_同步电弧	已完成	补绘	01_塔升级/015_神经脉冲刺突_LV3B_同步电弧.png	01_塔升级/015_神经脉冲刺突_LV3B_同步电弧.png	1254×1254	tower:5.5 LV3-B：同步电弧	https://app.notion.com/p/3b8c4f95162081bab6b1e1759f0c43cd?pvs=204	00_清单/提示词/015.txt	170F6F8F193BF82DD7C472D5400B1D3DA62A3C2402915409A7C6782464323FB1
017	01_塔升级	巨噬细胞清道夫_LV2_伪足加速	已完成	补绘	01_塔升级/017_巨噬细胞清道夫_LV2_伪足加速.png	01_塔升级/017_巨噬细胞清道夫_LV2_伪足加速.png	1254×1254	tower:6.3 LV2 追加句：伪足加速	https://app.notion.com/p/3b8c4f95162081bab6b1e1759f0c43cd?pvs=204	00_清单/提示词/017.txt	B3933867E0A75162687470620A60AE0080B263E069C61F6869FE2E6DCA44A500
018	01_塔升级	巨噬细胞清道夫_LV3A_消化回收	已完成	补绘	01_塔升级/018_巨噬细胞清道夫_LV3A_消化回收.png	01_塔升级/018_巨噬细胞清道夫_LV3A_消化回收.png	1254×1254	tower:6.4 LV3-A：消化回收	https://app.notion.com/p/3b8c4f95162081bab6b1e1759f0c43cd?pvs=204	00_清单/提示词/018.txt	3549298057A80BE420E642B7F4A5E4339D5E44843B35C175968DEDCFDF679C03
019	01_塔升级	巨噬细胞清道夫_LV3B_巨物裂解	已完成	补绘	01_塔升级/019_巨噬细胞清道夫_LV3B_巨物裂解.png	01_塔升级/019_巨噬细胞清道夫_LV3B_巨物裂解.png	1254×1254	tower:6.5 LV3-B：巨物裂解	https://app.notion.com/p/3b8c4f95162081bab6b1e1759f0c43cd?pvs=204	00_清单/提示词/019.txt	806BBFDAF710FA85841ADADD04AAEB524BE8B688917B78D7E995CB40554BFAF2
021	01_塔升级	抗体B细胞中继_LV2_亲和成熟	已完成	补绘	01_塔升级/021_抗体B细胞中继_LV2_亲和成熟.png	01_塔升级/021_抗体B细胞中继_LV2_亲和成熟.png	1254×1254	tower:7.3 LV2 追加句：亲和成熟	https://app.notion.com/p/3b8c4f95162081bab6b1e1759f0c43cd?pvs=204	00_清单/提示词/021.txt	4CEC76AC52D7AE1A380942B491FAD571EBF1E47057C65A56E79B77A4E49DD722
022	01_塔升级	抗体B细胞中继_LV3A_克隆记忆	已完成	补绘	01_塔升级/022_抗体B细胞中继_LV3A_克隆记忆.png	01_塔升级/022_抗体B细胞中继_LV3A_克隆记忆.png	1254×1254	tower:7.4 LV3-A：克隆记忆	https://app.notion.com/p/3b8c4f95162081bab6b1e1759f0c43cd?pvs=204	00_清单/提示词/022.txt	77A8C44A655BF80CCA859BF8FEA9835DF39DEFE0AD486C81D42C7A38D2EA3A36
023	01_塔升级	抗体B细胞中继_LV3B_连续中继	已完成	补绘	01_塔升级/023_抗体B细胞中继_LV3B_连续中继.png	01_塔升级/023_抗体B细胞中继_LV3B_连续中继.png	1254×1254	tower:7.5 LV3-B：连续中继	https://app.notion.com/p/3b8c4f95162081bab6b1e1759f0c43cd?pvs=204	00_清单/提示词/023.txt	863C66126CEEE28D89D660D75EB154BC4DEBF18D4C47705B4EBEF8D277E9A0F2
004	02_塔图标	中性粒细胞哨兵_图标	已完成	补绘	02_塔图标/004_中性粒细胞哨兵_图标.png	02_塔图标/004_中性粒细胞哨兵_图标.png	1254×1254	tower:2.6 塔卡图标提示词	https://app.notion.com/p/3b8c4f95162081bab6b1e1759f0c43cd?pvs=204	00_清单/提示词/004.txt	34A74AF2D192DBE03AA19E483DC408BCDFCB060EFAABB84ABEEDE1F2444D7AB0
008	02_塔图标	纤维蛋白壁垒_图标	已完成	补绘	02_塔图标/008_纤维蛋白壁垒_图标.png	02_塔图标/008_纤维蛋白壁垒_图标.png	1254×1254	tower:3.6 塔卡图标提示词	https://app.notion.com/p/3b8c4f95162081bab6b1e1759f0c43cd?pvs=204	00_清单/提示词/008.txt	73B495596A8CCDCE185317E77C7CDE34E003D505019B297514BBEE8F64888ED6
012	02_塔图标	溶酶体酸化炮_图标	已完成	补绘	02_塔图标/012_溶酶体酸化炮_图标.png	02_塔图标/012_溶酶体酸化炮_图标.png	1254×1254	tower:4.6 塔卡图标提示词	https://app.notion.com/p/3b8c4f95162081bab6b1e1759f0c43cd?pvs=204	00_清单/提示词/012.txt	F8BBFC5829C66BCD54D2B87DCD3C9BFEBEA591A80162C37B35589B8BF7D9333D
016	02_塔图标	神经脉冲刺突_图标	已完成	补绘	02_塔图标/016_神经脉冲刺突_图标.png	02_塔图标/016_神经脉冲刺突_图标.png	1254×1254	tower:5.6 塔卡图标提示词	https://app.notion.com/p/3b8c4f95162081bab6b1e1759f0c43cd?pvs=204	00_清单/提示词/016.txt	E634D701263568B5C2A0424F55117C48FC0944DC39CF7F2B893E055A96C0B7E7
020	02_塔图标	巨噬细胞清道夫_图标	已完成	补绘	02_塔图标/020_巨噬细胞清道夫_图标.png	02_塔图标/020_巨噬细胞清道夫_图标.png	1254×1254	tower:6.6 塔卡图标提示词	https://app.notion.com/p/3b8c4f95162081bab6b1e1759f0c43cd?pvs=204	00_清单/提示词/020.txt	7F3688F930F1531FBD82BDC1A619F4F42F6E2A29CA6F87506328316B9949D7B9
024	02_塔图标	抗体B细胞中继_图标	已完成	补绘	02_塔图标/024_抗体B细胞中继_图标.png	02_塔图标/024_抗体B细胞中继_图标.png	1254×1254	tower:7.6 塔卡图标提示词	https://app.notion.com/p/3b8c4f95162081bab6b1e1759f0c43cd?pvs=204	00_清单/提示词/024.txt	4B111D0C36EDAE1ADA90A6191F2BE0E53AF81D5093FDC023D7B3140A523FB57F
025	03_普通敌人与状态	葡萄球菌群_基础	已完成	补绘	03_普通敌人与状态/025_葡萄球菌群_基础.png	03_普通敌人与状态/025_葡萄球菌群_基础.png	1254×1254	enemy:3.2 单位生产精灵提示词	https://app.notion.com/p/3b8c4f95162081bdb970f8cc1fea688f?pvs=204	00_清单/提示词/025.txt	B1BA507FA8DC82829F386C00E40D4446AD916E96C8A23E712802413952061897
026	03_普通敌人与状态	葡萄球菌群_群落聚集	已完成	补绘	03_普通敌人与状态/026_葡萄球菌群_群落聚集.png	03_普通敌人与状态/026_葡萄球菌群_群落聚集.png	1536×1024	enemy:3.3 群落聚集提示词	https://app.notion.com/p/3b8c4f95162081bdb970f8cc1fea688f?pvs=204	00_清单/提示词/026.txt	DCC67603B2928AF193C0963C28D61407AC254C23970C741627E9EED1EA65BBEF
027	03_普通敌人与状态	葡萄球菌群_生物膜软适应	已完成	补绘	03_普通敌人与状态/027_葡萄球菌群_生物膜软适应.png	03_普通敌人与状态/027_葡萄球菌群_生物膜软适应.png	1254×1254	enemy:3.4 生物膜软适应提示词	https://app.notion.com/p/3b8c4f95162081bdb970f8cc1fea688f?pvs=204	00_清单/提示词/027.txt	B16BC76CD97568AC5BDDAC1D9BEF580543B929B796381CBBA815C090B156FDBE
029	03_普通敌人与状态	鞭毛双球菌_基础	已完成	补绘	03_普通敌人与状态/029_鞭毛双球菌_基础.png	03_普通敌人与状态/029_鞭毛双球菌_基础.png	1254×1254	enemy:4.2 单位生产精灵提示词	https://app.notion.com/p/3b8c4f95162081bdb970f8cc1fea688f?pvs=204	00_清单/提示词/029.txt	870257FEA9BA027897E113405151AB58B542E03B23E78BFC736CAA360CD9A778
030	03_普通敌人与状态	鞭毛双球菌_集群冲刺状态	已完成	补绘	03_普通敌人与状态/030_鞭毛双球菌_集群冲刺状态.png	03_普通敌人与状态/030_鞭毛双球菌_集群冲刺状态.png	1254×1254	enemy:4.3 集群冲刺状态提示词	https://app.notion.com/p/3b8c4f95162081bdb970f8cc1fea688f?pvs=204	00_清单/提示词/030.txt	4442035AA7465976B5011B2C1501C8DA39662314733E10798CE95A2B27C0EE63
031	03_普通敌人与状态	鞭毛双球菌_被凝血隔离状态	已完成	补绘	03_普通敌人与状态/031_鞭毛双球菌_被凝血隔离状态.png	03_普通敌人与状态/031_鞭毛双球菌_被凝血隔离状态.png	1254×1254	enemy:4.4 被凝血隔离状态提示词	https://app.notion.com/p/3b8c4f95162081bdb970f8cc1fea688f?pvs=204	00_清单/提示词/031.txt	271E4214D438BD17F35085F109FBCC156C80A24BDB6D34842BBF060F3EEE181E
033	03_普通敌人与状态	重甲芽孢杆菌_基础	已完成	补绘	03_普通敌人与状态/033_重甲芽孢杆菌_基础.png	03_普通敌人与状态/033_重甲芽孢杆菌_基础.png	1254×1254	enemy:5.2 单位生产精灵提示词	https://app.notion.com/p/3b8c4f95162081bdb970f8cc1fea688f?pvs=204	00_清单/提示词/033.txt	FDF5D86409630EB7140C477F99500334D8684555DBB54846D9EA1C222B961A32
034	03_普通敌人与状态	重甲芽孢杆菌_破膜状态	已完成	补绘	03_普通敌人与状态/034_重甲芽孢杆菌_破膜状态.png	03_普通敌人与状态/034_重甲芽孢杆菌_破膜状态.png	1254×1254	enemy:5.3 破膜状态提示词	https://app.notion.com/p/3b8c4f95162081bdb970f8cc1fea688f?pvs=204	00_清单/提示词/034.txt	A5B4225265D43BAB3466EADD460BF0B8364638523E8A2426122CF1AEC2481372
035	03_普通敌人与状态	重甲芽孢杆菌_吞噬阈值状态	已完成	补绘	03_普通敌人与状态/035_重甲芽孢杆菌_吞噬阈值状态.png	03_普通敌人与状态/035_重甲芽孢杆菌_吞噬阈值状态.png	1254×1254	enemy:5.4 吞噬阈值状态提示词	https://app.notion.com/p/3b8c4f95162081bdb970f8cc1fea688f?pvs=204	00_清单/提示词/035.txt	FEF37151459CDD333AD4ED46EEB741B63472343E48325384148270F851FBF4A0
028	04_敌人图标	葡萄球菌群_图标	已完成	补绘	04_敌人图标/028_葡萄球菌群_图标.png	04_敌人图标/028_葡萄球菌群_图标.png	1254×1254	enemy:3.5 图标提示词	https://app.notion.com/p/3b8c4f95162081bdb970f8cc1fea688f?pvs=204	00_清单/提示词/028.txt	4BA0507E891CC7D315D081232A48E31048209A2B2FBACB486417C7D502C955DD
032	04_敌人图标	鞭毛双球菌_图标	已完成	补绘	04_敌人图标/032_鞭毛双球菌_图标.png	04_敌人图标/032_鞭毛双球菌_图标.png	1254×1254	enemy:4.5 图标提示词	https://app.notion.com/p/3b8c4f95162081bdb970f8cc1fea688f?pvs=204	00_清单/提示词/032.txt	D8697F4F1B90272FA633EE1D1FF60DDAEFBBD6721405BF8CF8D6C9C0338A667E
036	04_敌人图标	重甲芽孢杆菌_图标	已完成	补绘	04_敌人图标/036_重甲芽孢杆菌_图标.png	04_敌人图标/036_重甲芽孢杆菌_图标.png	1254×1254	enemy:5.5 图标提示词	https://app.notion.com/p/3b8c4f95162081bdb970f8cc1fea688f?pvs=204	00_清单/提示词/036.txt	4E8C390184EDEF6B8A9B316A8422735FAA2FD2A21E6541265FB86D580762E4AE
041	04_敌人图标	变异超级真菌_Boss 图标	已完成	补绘	04_敌人图标/041_变异超级真菌_Boss图标.png	04_敌人图标/041_变异超级真菌_Boss图标.png	1254×1254	enemy:6.6 Boss 图标提示词	https://app.notion.com/p/3b8c4f95162081bdb970f8cc1fea688f?pvs=204	00_清单/提示词/041.txt	77119396F08AFF1A5702EE3FEA43A6A64AED3104A4E20B5543C71EA0C2300738
037	05_Boss与阶段	变异超级真菌_基础	已完成	补绘	05_Boss与阶段/037_变异超级真菌_基础.png	05_Boss与阶段/037_变异超级真菌_基础.png	1254×1254	enemy:6.2 基础 Boss 生产精灵提示词	https://app.notion.com/p/3b8c4f95162081bdb970f8cc1fea688f?pvs=204	00_清单/提示词/037.txt	4E956972E585C9F33CE5A072C49779598E2FBB505B49A00FE4537CE166942561
038	05_Boss与阶段	变异超级真菌_阶段一：休眠侵入	已完成	补绘	05_Boss与阶段/038_变异超级真菌_阶段一：休眠侵入.png	05_Boss与阶段/038_变异超级真菌_阶段一：休眠侵入.png	1254×1254	enemy:6.3 阶段一：休眠侵入	https://app.notion.com/p/3b8c4f95162081bdb970f8cc1fea688f?pvs=204	00_清单/提示词/038.txt	8512AA8E96B1E7D2E7FE24B820ED8AAB9B52843921F629A16B678AE96A427255
039	05_Boss与阶段	变异超级真菌_阶段二：孢子播散	已完成	补绘	05_Boss与阶段/039_变异超级真菌_阶段二：孢子播散.png	05_Boss与阶段/039_变异超级真菌_阶段二：孢子播散.png	1254×1254	enemy:6.4 阶段二：孢子播散	https://app.notion.com/p/3b8c4f95162081bdb970f8cc1fea688f?pvs=204	00_清单/提示词/039.txt	B65F2EE9D44E0235610C00CF1A68835D02AD2242B2B400F17FE99A5D805BBC84
040	05_Boss与阶段	变异超级真菌_阶段三：菌丝干扰	已完成	补绘	05_Boss与阶段/040_变异超级真菌_阶段三：菌丝干扰.png	05_Boss与阶段/040_变异超级真菌_阶段三：菌丝干扰.png	1254×1254	enemy:6.5 阶段三：菌丝干扰	https://app.notion.com/p/3b8c4f95162081bdb970f8cc1fea688f?pvs=204	00_清单/提示词/040.txt	138CB6D3F0B6BABA5CF5F6E927E266B927683933095B6B6DE37948780D8B12FC
042	05_Boss与阶段	细菌生物膜核心_基础	已完成	补绘	05_Boss与阶段/042_细菌生物膜核心_基础.png	05_Boss与阶段/042_细菌生物膜核心_基础.png	1374×1145	enemy:7.2 生产精灵提示词	https://app.notion.com/p/3b8c4f95162081bdb970f8cc1fea688f?pvs=204	00_清单/提示词/042.txt	63DEF9E618BE1087A71DAF32A239C60AE3DB59B1F49C3A10F8ACFD1B8A31921E
043	05_Boss与阶段	细菌生物膜核心_护盾脉冲状态	已完成	补绘	05_Boss与阶段/043_细菌生物膜核心_护盾脉冲状态.png	05_Boss与阶段/043_细菌生物膜核心_护盾脉冲状态.png	1254×1254	enemy:7.3 护盾脉冲状态	https://app.notion.com/p/3b8c4f95162081bdb970f8cc1fea688f?pvs=204	00_清单/提示词/043.txt	828DE9A53A6DD1A6BFBB8EF3DB931295F71383ED21600AC6CBB2C0EE29C2B6E2
044	05_Boss与阶段	细菌生物膜核心_破膜状态	已完成	补绘	05_Boss与阶段/044_细菌生物膜核心_破膜状态.png	05_Boss与阶段/044_细菌生物膜核心_破膜状态.png	1254×1254	enemy:7.4 破膜状态	https://app.notion.com/p/3b8c4f95162081bdb970f8cc1fea688f?pvs=204	00_清单/提示词/044.txt	96D7C87D67732FFCE0B23EDBF686A331F216CC1FC14A883BA0DFFA1703F97A46
045	05_Boss与阶段	病毒母体_基础	已完成	补绘	05_Boss与阶段/045_病毒母体_基础.png	05_Boss与阶段/045_病毒母体_基础.png	1254×1254	enemy:8.2 生产精灵提示词	https://app.notion.com/p/3b8c4f95162081bdb970f8cc1fea688f?pvs=204	00_清单/提示词/045.txt	077A42A7627F65F55EA9119364AF9E32E67E4AC3947C43DACE99B617F0282ACD
046	05_Boss与阶段	病毒母体_复制阶段	已完成	补绘	05_Boss与阶段/046_病毒母体_复制阶段.png	05_Boss与阶段/046_病毒母体_复制阶段.png	1254×1254	enemy:8.3 阶段变体追加句	https://app.notion.com/p/3b8c4f95162081bdb970f8cc1fea688f?pvs=204	00_清单/提示词/046.txt	6707BD14A68B7851109D4A8D9A39EEE3981E0D59DAA369768B0D9C59BF91E532
047	05_Boss与阶段	病毒母体_变异阶段	已完成	补绘	05_Boss与阶段/047_病毒母体_变异阶段.png	05_Boss与阶段/047_病毒母体_变异阶段.png	1254×1254	enemy:8.3 阶段变体追加句	https://app.notion.com/p/3b8c4f95162081bdb970f8cc1fea688f?pvs=204	00_清单/提示词/047.txt	97E31B72B0C3C31F475061BEE7B6240493512CAECBB436C254E9CF5A156468E1
048	05_Boss与阶段	病毒母体_劫持阶段	已完成	补绘	05_Boss与阶段/048_病毒母体_劫持阶段.png	05_Boss与阶段/048_病毒母体_劫持阶段.png	1254×1254	enemy:8.3 阶段变体追加句	https://app.notion.com/p/3b8c4f95162081bdb970f8cc1fea688f?pvs=204	00_清单/提示词/048.txt	CD602AE013ECC53F50E17BF1FB984F0D848DF9D7CFAB99033857919A11A62F35
049	06_状态图标	已采样	已完成	补绘	06_状态图标/049_已采样.png	06_状态图标/049_已采样.png	1254×1254	enemy:9	https://app.notion.com/p/3b8c4f95162081bdb970f8cc1fea688f?pvs=204	00_清单/提示词/049.txt	E25563C4075E6048575269C20A6CBFD6E240AB2828FC6A5B18A61D8578CF6931
050	06_状态图标	已标记	已完成	补绘	06_状态图标/050_已标记.png	06_状态图标/050_已标记.png	1254×1254	enemy:9	https://app.notion.com/p/3b8c4f95162081bdb970f8cc1fea688f?pvs=204	00_清单/提示词/050.txt	2752E41882906912C4FB823E9F1F1CF13153B54947E4793D05AADBE48808CB0C
051	06_状态图标	群落感应	已完成	补绘	06_状态图标/051_群落感应.png	06_状态图标/051_群落感应.png	1254×1254	enemy:9	https://app.notion.com/p/3b8c4f95162081bdb970f8cc1fea688f?pvs=204	00_清单/提示词/051.txt	1B4DE2D86AFA43351D9D86D56640A8C319557149C6551F8ED0AFCFF367E7359C
052	06_状态图标	生物膜	已完成	补绘	06_状态图标/052_生物膜.png	06_状态图标/052_生物膜.png	1254×1254	enemy:9	https://app.notion.com/p/3b8c4f95162081bdb970f8cc1fea688f?pvs=204	00_清单/提示词/052.txt	5E5CF349A6B988078B5759AFDA5C18618CCE72D3707712BE2B21E61DCAE7084C
053	06_状态图标	集群冲刺	已完成	补绘	06_状态图标/053_集群冲刺.png	06_状态图标/053_集群冲刺.png	1254×1254	enemy:9	https://app.notion.com/p/3b8c4f95162081bdb970f8cc1fea688f?pvs=204	00_清单/提示词/053.txt	74720B683DAA52ADA3A0D1E4B02AFE84734D2E153ABE913BAADC8FEC3730D009
054	06_状态图标	孢子播散	已完成	补绘	06_状态图标/054_孢子播散.png	06_状态图标/054_孢子播散.png	1254×1254	enemy:9	https://app.notion.com/p/3b8c4f95162081bdb970f8cc1fea688f?pvs=204	00_清单/提示词/054.txt	8140F3E2623C4D3151ABEE26D33E471C187BDABA4FFA798CD1428F96EAA75994
055	07_地图与覆盖层	第一关_生产背景	已完成	补绘/修正版	07_地图与覆盖层/055_第一关_生产背景_v2.png	07_地图与覆盖层/055_第一关_生产背景.png	1672×941	map:3.3 生产背景提示词	https://app.notion.com/p/3b8c4f951620815aa491d632803bd02b?pvs=204	00_清单/提示词/055_v2.txt	F11D198DB742679489767BC11D0F9462C8A1FB0C1EA8B92D306FD92C3E7E0C1C
056	07_地图与覆盖层	第一关_路径蒙版参考	已完成	补绘	07_地图与覆盖层/056_第一关_路径蒙版参考.png	07_地图与覆盖层/056_第一关_路径蒙版参考.png	1672×941	map:3.4 路径蒙版参考提示词	https://app.notion.com/p/3b8c4f951620815aa491d632803bd02b?pvs=204	00_清单/提示词/056.txt	A8EEA1BFD3C18ECCED4A7568FC7658326207CBC2639B36F711AFD176523FE7ED
057	07_地图与覆盖层	第一关_关卡选择卡	已完成	补绘/修正版	07_地图与覆盖层/057_第一关_关卡选择卡_v2.png	07_地图与覆盖层/057_第一关_关卡选择卡.png	1672×941	map:3.5 关卡选择卡提示词	https://app.notion.com/p/3b8c4f951620815aa491d632803bd02b?pvs=204	00_清单/提示词/057_v2.txt	6F1605894C7F8C869701B4A6C4C1DB4C60D640BD7E022011E178E76C24C3DD14
058	07_地图与覆盖层	第二关_生产背景	已完成	补绘/修正版	07_地图与覆盖层/058_第二关_生产背景_v2.png	07_地图与覆盖层/058_第二关_生产背景.png	1672×941	map:4.3 生产背景提示词	https://app.notion.com/p/3b8c4f951620815aa491d632803bd02b?pvs=204	00_清单/提示词/058_v2.txt	9D4A0F90BADB418C307FA6C44BDD10B98093BAB2A065D022E00DD8F530999308
059	07_地图与覆盖层	第二关_双路线蒙版参考	已完成	补绘	07_地图与覆盖层/059_第二关_双路线蒙版参考.png	07_地图与覆盖层/059_第二关_双路线蒙版参考.png	1672×941	map:4.4 双路线蒙版参考提示词	https://app.notion.com/p/3b8c4f951620815aa491d632803bd02b?pvs=204	00_清单/提示词/059.txt	BD4779E35B4D05F105367E494228B35F2264E94A8792C864404D9F8C52372888
060	07_地图与覆盖层	第二关_感染覆盖层	已完成	补绘	07_地图与覆盖层/060_第二关_感染覆盖层.png	07_地图与覆盖层/060_第二关_感染覆盖层.png	1349×1166	map:4.5 感染覆盖层提示词	https://app.notion.com/p/3b8c4f951620815aa491d632803bd02b?pvs=204	00_清单/提示词/060.txt	C348785A2160DC44C254DDF0C4ED7095290033CA5B167C40A65E5C1F0BA42B7B
061	07_地图与覆盖层	第二关_关卡选择卡	已完成	补绘/修正版	07_地图与覆盖层/061_第二关_关卡选择卡_v2.png	07_地图与覆盖层/061_第二关_关卡选择卡.png	1672×941	map:4.6 关卡选择卡提示词	https://app.notion.com/p/3b8c4f951620815aa491d632803bd02b?pvs=204	00_清单/提示词/061_v2.txt	994EF3D7BB11F12E99D52437EFA7593CBCA8D74B0B4E3833D39FE24E64C9A96D
062	07_地图与覆盖层	第三关_氛围概念图	已完成	补绘/修正版	07_地图与覆盖层/062_第三关_氛围概念图_v2.png	07_地图与覆盖层/062_第三关_氛围概念图.png	1672×941	map:5.2 氛围概念图提示词	https://app.notion.com/p/3b8c4f951620815aa491d632803bd02b?pvs=204	00_清单/提示词/062_v2.txt	58061D6BA0D544BC146B3E5BB97BBCBDF29F55EEDB8183F53F29EA18C6E08A77
063	07_地图与覆盖层	第三关_生产背景	已完成	补绘/修正版	07_地图与覆盖层/063_第三关_生产背景_v2.png	07_地图与覆盖层/063_第三关_生产背景.png	1672×941	map:5.3 生产背景提示词	https://app.notion.com/p/3b8c4f951620815aa491d632803bd02b?pvs=204	00_清单/提示词/063_v2.txt	F9DEC70F59F3E0415ECFAAD067D79E71BB6DE646D130C4AFA53E2484C22F9AF8
064	07_地图与覆盖层	第三关_分叉路线蒙版参考	已完成	补绘	07_地图与覆盖层/064_第三关_分叉路线蒙版参考.png	07_地图与覆盖层/064_第三关_分叉路线蒙版参考.png	1672×941	map:5.4 分叉路线蒙版参考提示词	https://app.notion.com/p/3b8c4f951620815aa491d632803bd02b?pvs=204	00_清单/提示词/064.txt	02C88C25089DCAE2E9FB7A41A2FF25C2526835561098CF75CAF5CD060B0690D0
065	07_地图与覆盖层	第三关_血管阀门覆盖层	已完成	补绘	07_地图与覆盖层/065_第三关_血管阀门覆盖层.png	07_地图与覆盖层/065_第三关_血管阀门覆盖层.png	1402×1122	map:5.5 血管阀门覆盖层提示词	https://app.notion.com/p/3b8c4f951620815aa491d632803bd02b?pvs=204	00_清单/提示词/065.txt	796765E6E8A844AD15CFEEC1752533211A13A55B246D0614395945AAE5D721E1
066	07_地图与覆盖层	第三关_关卡选择卡	已完成	补绘/修正版	07_地图与覆盖层/066_第三关_关卡选择卡_v2.png	07_地图与覆盖层/066_第三关_关卡选择卡.png	1672×941	map:5.6 关卡选择卡提示词	https://app.notion.com/p/3b8c4f951620815aa491d632803bd02b?pvs=204	00_清单/提示词/066_v2.txt	142E15FCE5D9CB2024BD31AD25C2C692E6E5A5C48B45780853FB5BB25715F447
067	07_地图与覆盖层	信号节点底图	已完成	补绘	07_地图与覆盖层/067__信号节点底图.png	07_地图与覆盖层/067__信号节点底图.png	1254×1254	map:6.1 信号节点底图提示词	https://app.notion.com/p/3b8c4f951620815aa491d632803bd02b?pvs=204	00_清单/提示词/067.txt	25F1F05BA171781CDB8CE9B575B691BC1E158967991BEC9AD76FEA41DFDE126A
068	07_地图与覆盖层	信号纤维纹理	已完成	补绘	07_地图与覆盖层/068__信号纤维纹理.png	07_地图与覆盖层/068__信号纤维纹理.png	1536×1024	map:6.2 信号纤维纹理提示词	https://app.notion.com/p/3b8c4f951620815aa491d632803bd02b?pvs=204	00_清单/提示词/068.txt	734C7D667D7CB46F45B6C49D707B5D094F819238CE547B129B6DE6EB202564A8
069	07_地图与覆盖层	宣传主视觉	已完成	补绘/修正版	07_地图与覆盖层/069__宣传主视觉_v2.png	07_地图与覆盖层/069__宣传主视觉.png	1672×941	map:7. 宣传主视觉提示词	https://app.notion.com/p/3b8c4f951620815aa491d632803bd02b?pvs=204	00_清单/提示词/069_v2.txt	A289AC0D63591576B3861982A87524E1B627C182740FA71118B982904313B20F
070	08_子弹与特效	单体子弹	已完成	补绘	08_子弹与特效/070_单体子弹.png	08_子弹与特效/070_单体子弹.png	1536×1024	vfx:2.2 单体子弹提示词	https://app.notion.com/p/3b8c4f951620814581c0d8fd84c145e5?pvs=204	00_清单/提示词/070.txt	7242CAD2DB34C668654C206EC147262A5523E91A9B8A0491C1F7E8465563D303
071	08_子弹与特效	高频曳光	已完成	补绘	08_子弹与特效/071_高频曳光.png	08_子弹与特效/071_高频曳光.png	1774×887	vfx:2.3 高频曳光提示词	https://app.notion.com/p/3b8c4f951620814581c0d8fd84c145e5?pvs=204	00_清单/提示词/071.txt	2948705FA84B0AA4165A35B635DECD8B76F0A1CDD2C30CFCB13AF52156F47DD3
072	08_子弹与特效	命中	已完成	补绘	08_子弹与特效/072_命中.png	08_子弹与特效/072_命中.png	1254×1254	vfx:2.4 命中提示词	https://app.notion.com/p/3b8c4f951620814581c0d8fd84c145e5?pvs=204	00_清单/提示词/072.txt	008F908D1F9C5A64691E36DD2EC611EEA21A617A2B92445047443E4109842A19
073	08_子弹与特效	已采样碎片	已完成	补绘	08_子弹与特效/073_已采样碎片.png	08_子弹与特效/073_已采样碎片.png	1254×1254	vfx:2.5 已采样碎片提示词	https://app.notion.com/p/3b8c4f951620814581c0d8fd84c145e5?pvs=204	00_清单/提示词/073.txt	839E727A18E560A5DF8567956F7085340773920A1EEF66C22861A2E1D4B67F08
074	08_子弹与特效	基础减速/群落隔离环	已完成	补绘	08_子弹与特效/074_基础减速群落隔离环.png	08_子弹与特效/074_基础减速群落隔离环.png	1254×1254	vfx:3.1 基础减速/群落隔离环	https://app.notion.com/p/3b8c4f951620814581c0d8fd84c145e5?pvs=204	00_清单/提示词/074.txt	8E5D09E59D0922C3460CA10F42C6C97B0D86E3F2670888600E993B39EAFE9BB5
075	08_子弹与特效	群落信号切断	已完成	补绘	08_子弹与特效/075_群落信号切断.png	08_子弹与特效/075_群落信号切断.png	1254×1254	vfx:3.2 群落信号切断	https://app.notion.com/p/3b8c4f951620814581c0d8fd84c145e5?pvs=204	00_清单/提示词/075.txt	FCB9F2712FEE48C2C9945C5A6E6C2812D8AAB6282227256BCF3C9EB5B4EC76AB
076	08_子弹与特效	稳态降炎脉冲	已完成	补绘	08_子弹与特效/076_稳态降炎脉冲.png	08_子弹与特效/076_稳态降炎脉冲.png	1254×1254	vfx:3.3 稳态降炎脉冲	https://app.notion.com/p/3b8c4f951620814581c0d8fd84c145e5?pvs=204	00_清单/提示词/076.txt	1C011565BCBFC654F51013E20D7020C6DAF415079C567BF2C179838F52AA03B0
077	08_子弹与特效	慢速酸化囊泡弹	已完成	补绘	08_子弹与特效/077_慢速酸化囊泡弹.png	08_子弹与特效/077_慢速酸化囊泡弹.png	1321×1191	vfx:4.1 慢速酸化囊泡弹	https://app.notion.com/p/3b8c4f951620814581c0d8fd84c145e5?pvs=204	00_清单/提示词/077.txt	9F9BD8335451B5651328EBDEB1DD429A2AB5E473337A063D4B9B667D87E4B55F
078	08_子弹与特效	囊泡飞行拖尾	已完成	补绘	08_子弹与特效/078_囊泡飞行拖尾.png	08_子弹与特效/078_囊泡飞行拖尾.png	1536×1024	vfx:4.2 囊泡飞行拖尾	https://app.notion.com/p/3b8c4f951620814581c0d8fd84c145e5?pvs=204	00_清单/提示词/078.txt	4C6FD4939177D79D97AAF22E1B5D25CEE10941428EDF1E1F823D99C351436A9C
079	08_子弹与特效	囊泡落地/命中	已完成	补绘	08_子弹与特效/079_囊泡落地命中.png	08_子弹与特效/079_囊泡落地命中.png	1254×1254	vfx:4.3 囊泡落地/命中	https://app.notion.com/p/3b8c4f951620814581c0d8fd84c145e5?pvs=204	00_清单/提示词/079.txt	3EE834EAF66F954BB8ED20BA6B08F90E913A186BF1049238E621EBE137955744
080	08_子弹与特效	酸化区域	已完成	补绘	08_子弹与特效/080_酸化区域.png	08_子弹与特效/080_酸化区域.png	1302×1208	vfx:4.4 酸化区域	https://app.notion.com/p/3b8c4f951620814581c0d8fd84c145e5?pvs=204	00_清单/提示词/080.txt	357B8E66B4B5FDB3A7B6481CFB1A3F6179312C7FBCE192333768F7CCBECE96A5
081	08_子弹与特效	生物膜裂纹	已完成	补绘	08_子弹与特效/081_生物膜裂纹.png	08_子弹与特效/081_生物膜裂纹.png	1374×1145	vfx:4.5 生物膜裂纹	https://app.notion.com/p/3b8c4f951620814581c0d8fd84c145e5?pvs=204	00_清单/提示词/081.txt	3A2EC8C18EFA8A6240AC7E81E1FEEBBC23E4BF984048014427857F20722BB5EF
082	08_子弹与特效	单段电弧	已完成	补绘	08_子弹与特效/082_单段电弧.png	08_子弹与特效/082_单段电弧.png	1536×1024	vfx:5.1 单段电弧	https://app.notion.com/p/3b8c4f951620814581c0d8fd84c145e5?pvs=204	00_清单/提示词/082.txt	1CBD2E0949DEE99A4AE0B643282489E2D72AD1BCE2681462969F6E3D2E116073
083	08_子弹与特效	群落连锁路径	已完成	补绘	08_子弹与特效/083_群落连锁路径.png	08_子弹与特效/083_群落连锁路径.png	1774×887	vfx:5.2 群落连锁路径	https://app.notion.com/p/3b8c4f951620814581c0d8fd84c145e5?pvs=204	00_清单/提示词/083.txt	0ED37D6E78667115F70F06F0AD09B062799D90091D30AB3AF81AB1F4BBC094D8
084	08_子弹与特效	信号封锁命中	已完成	补绘	08_子弹与特效/084_信号封锁命中.png	08_子弹与特效/084_信号封锁命中.png	1536×1024	vfx:5.3 信号封锁命中	https://app.notion.com/p/3b8c4f951620814581c0d8fd84c145e5?pvs=204	00_清单/提示词/084.txt	0EE6417B42C57FB4CACD0C0834F73690D0C407F4BEF30EB38866F10026D88653
085	08_子弹与特效	电击无障碍替代	已完成	补绘	08_子弹与特效/085_电击无障碍替代.png	08_子弹与特效/085_电击无障碍替代.png	1254×1254	vfx:5.4 电击无障碍替代	https://app.notion.com/p/3b8c4f951620814581c0d8fd84c145e5?pvs=204	00_清单/提示词/085.txt	48B32A0C8792FADFC86A15EA62C270291B45265860692A8B8465458B924610D8
086	08_子弹与特效	伪足包裹弧	已完成	补绘	08_子弹与特效/086_伪足包裹弧.png	08_子弹与特效/086_伪足包裹弧.png	1374×1145	vfx:6.1 伪足包裹弧	https://app.notion.com/p/3b8c4f951620814581c0d8fd84c145e5?pvs=204	00_清单/提示词/086.txt	3864DC06422240A9A10B46B09976D89803428EC38EFE664E272065FF4BAED08F
087	08_子弹与特效	清除收缩	已完成	补绘	08_子弹与特效/087_清除收缩.png	08_子弹与特效/087_清除收缩.png	1254×1254	vfx:6.2 清除收缩	https://app.notion.com/p/3b8c4f951620814581c0d8fd84c145e5?pvs=204	00_清单/提示词/087.txt	EC2F2222307BB0950C4137B0D8017706969E8375F2725B7DB684C9BD4EA5663A
088	08_子弹与特效	生物酶回收滴	已完成	补绘	08_子弹与特效/088_生物酶回收滴.png	08_子弹与特效/088_生物酶回收滴.png	1254×1254	vfx:6.3 生物酶回收滴	https://app.notion.com/p/3b8c4f951620814581c0d8fd84c145e5?pvs=204	00_清单/提示词/088.txt	C5A46FA1F98AFB84BD03356B583F7030462F8420F0C8163B373D8DC826920C58
089	08_子弹与特效	免疫记忆脉冲	已完成	补绘	08_子弹与特效/089_免疫记忆脉冲.png	08_子弹与特效/089_免疫记忆脉冲.png	1254×1254	vfx:6.4 免疫记忆脉冲	https://app.notion.com/p/3b8c4f951620814581c0d8fd84c145e5?pvs=204	00_清单/提示词/089.txt	3B88F741744F87B4BCF8FAAF8BBE29D50326B2E482E34FAF28C606910F227428
090	08_子弹与特效	抗体标记环	已完成	补绘	08_子弹与特效/090_抗体标记环.png	08_子弹与特效/090_抗体标记环.png	1254×1254	vfx:7.1 抗体标记环	https://app.notion.com/p/3b8c4f951620814581c0d8fd84c145e5?pvs=204	00_清单/提示词/090.txt	4CA6723ACAD8FF85B4F28DC821BA4E0FACBB057B60BD19C26338229C9E10B812
091	08_子弹与特效	样本传递光点	已完成	补绘	08_子弹与特效/091_样本传递光点.png	08_子弹与特效/091_样本传递光点.png	1774×887	vfx:7.2 样本传递光点	https://app.notion.com/p/3b8c4f951620814581c0d8fd84c145e5?pvs=204	00_清单/提示词/091.txt	6283C1BD4F046FCD18C472ACE0BEB4B8E6B78D4CBD6F58EF7F6CECC54501782F
092	08_子弹与特效	连续中继	已完成	补绘	08_子弹与特效/092_连续中继.png	08_子弹与特效/092_连续中继.png	1536×1024	vfx:7.3 连续中继	https://app.notion.com/p/3b8c4f951620814581c0d8fd84c145e5?pvs=204	00_清单/提示词/092.txt	7E9A47B73761967278405C8CEBEB794D00C72F080F68C1138AD0B6F0AFC3761D
093	08_子弹与特效	护盾/加速剥离	已完成	补绘	08_子弹与特效/093_护盾加速剥离.png	08_子弹与特效/093_护盾加速剥离.png	1254×1254	vfx:7.4 护盾/加速剥离	https://app.notion.com/p/3b8c4f951620814581c0d8fd84c145e5?pvs=204	00_清单/提示词/093.txt	622F324DBB15D895D4C66739F95BC77E764CD0559AC1D82157CD8F22C7AE3152
094	08_子弹与特效	物理/微脉冲命中	已完成	补绘	08_子弹与特效/094_物理微脉冲命中.png	08_子弹与特效/094_物理微脉冲命中.png	1254×1254	vfx:8.1 物理/微脉冲命中	https://app.notion.com/p/3b8c4f951620814581c0d8fd84c145e5?pvs=204	00_清单/提示词/094.txt	EC7871044FB744E9BAC816FE60658BA95D9C2B19732F3222A42B0D0697EFB73D
095	08_子弹与特效	化学持续伤害 Tick	已完成	补绘	08_子弹与特效/095_化学持续伤害Tick.png	08_子弹与特效/095_化学持续伤害Tick.png	1254×1254	vfx:8.2 化学持续伤害 Tick	https://app.notion.com/p/3b8c4f951620814581c0d8fd84c145e5?pvs=204	00_清单/提示词/095.txt	1F67D249AF387D044ADF2A9918AFB2926342E1F8C39F6291C665481F14CED362
096	08_子弹与特效	控制/打断	已完成	补绘	08_子弹与特效/096_控制打断.png	08_子弹与特效/096_控制打断.png	1254×1254	vfx:8.3 控制/打断	https://app.notion.com/p/3b8c4f951620814581c0d8fd84c145e5?pvs=204	00_清单/提示词/096.txt	88D207399A87E7AB12617716E690EF5B17602A4DE94C515FA9C5544251C7B213
097	08_子弹与特效	护甲受击但未破	已完成	补绘	08_子弹与特效/097_护甲受击但未破.png	08_子弹与特效/097_护甲受击但未破.png	1402×1122	vfx:8.4 护甲受击但未破	https://app.notion.com/p/3b8c4f951620814581c0d8fd84c145e5?pvs=204	00_清单/提示词/097.txt	C0EFDB4FDBBDBB29867D094328E5BC64EDE36A7342DF352D0B533E8EB487440E
098	08_子弹与特效	破膜成功	已完成	补绘	08_子弹与特效/098_破膜成功.png	08_子弹与特效/098_破膜成功.png	1402×1122	vfx:8.5 破膜成功	https://app.notion.com/p/3b8c4f951620814581c0d8fd84c145e5?pvs=204	00_清单/提示词/098.txt	5570E069F832F0B4DE0785BE645842A319197C59216C7D6F5EB8343448EE7BF3
099	08_子弹与特效	群落感应连线	已完成	补绘	08_子弹与特效/099_群落感应连线.png	08_子弹与特效/099_群落感应连线.png	1536×1024	vfx:9.1 群落感应连线	https://app.notion.com/p/3b8c4f951620814581c0d8fd84c145e5?pvs=204	00_清单/提示词/099.txt	77200E7C2488619E5BD0410B922F99B7C75042DE15C80975ABEF2AC55435E57B
100	08_子弹与特效	三段群落量表元素	已完成	补绘	08_子弹与特效/100_三段群落量表元素.png	08_子弹与特效/100_三段群落量表元素.png	1536×1024	vfx:9.2 三段群落量表元素	https://app.notion.com/p/3b8c4f951620814581c0d8fd84c145e5?pvs=204	00_清单/提示词/100.txt	D694166D4EAE1A1C39E86C131B6DF92D7B5495ABA6F1BF13F980441A9E6B9F1B
101	08_子弹与特效	生物膜共享边缘	已完成	补绘/修正版	08_子弹与特效/101_生物膜共享边缘_v2.png	08_子弹与特效/101_生物膜共享边缘.png	1312×1199	vfx:9.3 生物膜共享边缘	https://app.notion.com/p/3b8c4f951620814581c0d8fd84c145e5?pvs=204	00_清单/提示词/101_v2.txt	E3012B9913055050BAF3BDC8A45827045DDE97917CA64A2FB3B3503531CA0AD1
102	08_子弹与特效	孢子播散	已完成	补绘	08_子弹与特效/102_孢子播散.png	08_子弹与特效/102_孢子播散.png	1230×1278	vfx:9.4 孢子播散	https://app.notion.com/p/3b8c4f951620814581c0d8fd84c145e5?pvs=204	00_清单/提示词/102.txt	9665DCA2668CF30DD1DD0741B362DF37846F08116FE4398A4EDE4302921074AA
103	08_子弹与特效	有效应答区间	已完成	补绘	08_子弹与特效/103_有效应答区间.png	08_子弹与特效/103_有效应答区间.png	1254×1254	vfx:10.1 有效应答区间	https://app.notion.com/p/3b8c4f951620814581c0d8fd84c145e5?pvs=204	00_清单/提示词/103.txt	9E7DE27FD05787C9AD8297CF3B6B1526F3C4DF425BD4A9BDACB0F8AE63F01308
104	08_子弹与特效	过度炎症警告	已完成	补绘	08_子弹与特效/104_过度炎症警告.png	08_子弹与特效/104_过度炎症警告.png	1254×1254	vfx:10.2 过度炎症警告	https://app.notion.com/p/3b8c4f951620814581c0d8fd84c145e5?pvs=204	00_清单/提示词/104.txt	A0E3379A510D4E52642BBFBA5A5754A55E167D0BCEA38A6A620726DC38BA092C
105	08_子弹与特效	细胞因子风暴（玩法改编）	已完成	补绘	08_子弹与特效/105_细胞因子风暴（玩法改编）.png	08_子弹与特效/105_细胞因子风暴（玩法改编）.png	1254×1254	vfx:10.3 细胞因子风暴（玩法改编）	https://app.notion.com/p/3b8c4f951620814581c0d8fd84c145e5?pvs=204	00_清单/提示词/105.txt	6A9C40EBEC7147306FC174C1DBE1FAF35863FADDDC06EA37BDA1E847FCCF530B
106	08_子弹与特效	发热反应	已完成	补绘/修正版	08_子弹与特效/106_发热反应_v2.png	08_子弹与特效/106_发热反应.png	1254×1254	vfx:11.1 发热反应	https://app.notion.com/p/3b8c4f951620814581c0d8fd84c145e5?pvs=204	00_清单/提示词/106_v2.txt	8746AD9FA4D15ECFB4650054CF51E32CAE1AB4FF4EE4A25B2EBF45CB4762E2B0
107	08_子弹与特效	抗体轰炸	已完成	补绘/修正版	08_子弹与特效/107_抗体轰炸_v2.png	08_子弹与特效/107_抗体轰炸.png	1254×1254	vfx:11.2 抗体轰炸	https://app.notion.com/p/3b8c4f951620814581c0d8fd84c145e5?pvs=204	00_清单/提示词/107_v2.txt	46A8ADECDCCEEE707BEA5AFFBB370DDC699ECC66AE172FB03CB79C625935687D
108	08_子弹与特效	凝血封锁	已完成	补绘	08_子弹与特效/108_凝血封锁.png	08_子弹与特效/108_凝血封锁.png	1230×1278	vfx:11.3 凝血封锁	https://app.notion.com/p/3b8c4f951620814581c0d8fd84c145e5?pvs=204	00_清单/提示词/108.txt	BE591536BFC2463BB911932CE8F176142BC448F41975E40CFC3EA14902EE2A1C
109	09_塔动画关键姿势	中性粒细胞哨兵_蓄力姿势	已完成	补绘	09_塔动画关键姿势/109_中性粒细胞哨兵_蓄力姿势.png	09_塔动画关键姿势/109_中性粒细胞哨兵_蓄力姿势.png	1254×1254	tower:8	https://app.notion.com/p/3b8c4f95162081bab6b1e1759f0c43cd?pvs=204	00_清单/提示词/109.txt	92287C3CC8BC379E03C57FDA65F25493406A35539EDEB91AD9947565CBCD9F68
110	09_塔动画关键姿势	中性粒细胞哨兵_释放姿势	已完成	补绘	09_塔动画关键姿势/110_中性粒细胞哨兵_释放姿势.png	09_塔动画关键姿势/110_中性粒细胞哨兵_释放姿势.png	1254×1254	tower:8	https://app.notion.com/p/3b8c4f95162081bab6b1e1759f0c43cd?pvs=204	00_清单/提示词/110.txt	0755CEDD89F9F9A8FAE53CD90EA8ACC8C29ADA21158AB03B61E17BF10C934462
111	09_塔动画关键姿势	中性粒细胞哨兵_恢复姿势	已完成	补绘	09_塔动画关键姿势/111_中性粒细胞哨兵_恢复姿势.png	09_塔动画关键姿势/111_中性粒细胞哨兵_恢复姿势.png	1254×1254	tower:8	https://app.notion.com/p/3b8c4f95162081bab6b1e1759f0c43cd?pvs=204	00_清单/提示词/111.txt	F58FB2026F9DC98F039F1288724735632848295F8AD37E68F331C645C393C8C4
112	09_塔动画关键姿势	纤维蛋白壁垒_蓄力姿势	已完成	补绘	09_塔动画关键姿势/112_纤维蛋白壁垒_蓄力姿势.png	09_塔动画关键姿势/112_纤维蛋白壁垒_蓄力姿势.png	1254×1254	tower:8	https://app.notion.com/p/3b8c4f95162081bab6b1e1759f0c43cd?pvs=204	00_清单/提示词/112.txt	EA32FE7BD188196A4BB0732F633031285E747C74A571778F17807C75192EF64D
113	09_塔动画关键姿势	纤维蛋白壁垒_释放姿势	已完成	补绘	09_塔动画关键姿势/113_纤维蛋白壁垒_释放姿势.png	09_塔动画关键姿势/113_纤维蛋白壁垒_释放姿势.png	1254×1254	tower:8	https://app.notion.com/p/3b8c4f95162081bab6b1e1759f0c43cd?pvs=204	00_清单/提示词/113.txt	BD27EAEC7A316BC9BC3ED74039E2AB0BBEAE551197850C7552450421ADABD175
114	09_塔动画关键姿势	纤维蛋白壁垒_恢复姿势	已完成	补绘	09_塔动画关键姿势/114_纤维蛋白壁垒_恢复姿势.png	09_塔动画关键姿势/114_纤维蛋白壁垒_恢复姿势.png	1254×1254	tower:8	https://app.notion.com/p/3b8c4f95162081bab6b1e1759f0c43cd?pvs=204	00_清单/提示词/114.txt	AE5A08CFFA60620404B2FA584243EB69E978C883E0610A3D714639909CFC710B
115	09_塔动画关键姿势	溶酶体酸化炮_蓄力姿势	已完成	补绘	09_塔动画关键姿势/115_溶酶体酸化炮_蓄力姿势.png	09_塔动画关键姿势/115_溶酶体酸化炮_蓄力姿势.png	1254×1254	tower:8	https://app.notion.com/p/3b8c4f95162081bab6b1e1759f0c43cd?pvs=204	00_清单/提示词/115.txt	5A303D3AD371DA57479FE157A73B4F21982D09D165FFE6D833C679EBA8BD0478
116	09_塔动画关键姿势	溶酶体酸化炮_释放姿势	已完成	补绘	09_塔动画关键姿势/116_溶酶体酸化炮_释放姿势.png	09_塔动画关键姿势/116_溶酶体酸化炮_释放姿势.png	1254×1254	tower:8	https://app.notion.com/p/3b8c4f95162081bab6b1e1759f0c43cd?pvs=204	00_清单/提示词/116.txt	C2C12AC4F9614A31811CA9DEC7A6E7F6251975D39D3ED7EC1313BDBCDDA23EA6
117	09_塔动画关键姿势	溶酶体酸化炮_恢复姿势	已完成	补绘	09_塔动画关键姿势/117_溶酶体酸化炮_恢复姿势.png	09_塔动画关键姿势/117_溶酶体酸化炮_恢复姿势.png	1254×1254	tower:8	https://app.notion.com/p/3b8c4f95162081bab6b1e1759f0c43cd?pvs=204	00_清单/提示词/117.txt	9494723DE5353904C77AB7B0073AC1EDDEE0777B302BCDFF563355141E26D690
118	09_塔动画关键姿势	神经脉冲刺突_蓄力姿势	已完成	补绘	09_塔动画关键姿势/118_神经脉冲刺突_蓄力姿势.png	09_塔动画关键姿势/118_神经脉冲刺突_蓄力姿势.png	1254×1254	tower:8	https://app.notion.com/p/3b8c4f95162081bab6b1e1759f0c43cd?pvs=204	00_清单/提示词/118.txt	90C0C6495BB6C91998AFCDD1E1B6571014AD8ECE37BA89CC0A9A1E01F991DA43
119	09_塔动画关键姿势	神经脉冲刺突_释放姿势	已完成	补绘	09_塔动画关键姿势/119_神经脉冲刺突_释放姿势.png	09_塔动画关键姿势/119_神经脉冲刺突_释放姿势.png	1254×1254	tower:8	https://app.notion.com/p/3b8c4f95162081bab6b1e1759f0c43cd?pvs=204	00_清单/提示词/119.txt	CC41469BE132B8F1CF0D55EC094CB40A9DAF5022334FD17794A148A9B57F9CB9
120	09_塔动画关键姿势	神经脉冲刺突_恢复姿势	已完成	补绘	09_塔动画关键姿势/120_神经脉冲刺突_恢复姿势.png	09_塔动画关键姿势/120_神经脉冲刺突_恢复姿势.png	1254×1254	tower:8	https://app.notion.com/p/3b8c4f95162081bab6b1e1759f0c43cd?pvs=204	00_清单/提示词/120.txt	5B4E8276261ABE9C8E4BFE531E2FBC703B0B058FBB02187E287605FBCB295C31
121	09_塔动画关键姿势	巨噬细胞清道夫_蓄力姿势	已完成	补绘	09_塔动画关键姿势/121_巨噬细胞清道夫_蓄力姿势.png	09_塔动画关键姿势/121_巨噬细胞清道夫_蓄力姿势.png	1254×1254	tower:8	https://app.notion.com/p/3b8c4f95162081bab6b1e1759f0c43cd?pvs=204	00_清单/提示词/121.txt	147DF57906D6E2ABD2740823765E7761C3710C91F3F97ACA45ECF3D909F3992B
122	09_塔动画关键姿势	巨噬细胞清道夫_释放姿势	已完成	补绘	09_塔动画关键姿势/122_巨噬细胞清道夫_释放姿势.png	09_塔动画关键姿势/122_巨噬细胞清道夫_释放姿势.png	1254×1254	tower:8	https://app.notion.com/p/3b8c4f95162081bab6b1e1759f0c43cd?pvs=204	00_清单/提示词/122.txt	5B14EB9C1FDDEAA131A77B319C600673217478CF44CF1C2DFC00A11267C15221
123	09_塔动画关键姿势	巨噬细胞清道夫_恢复姿势	已完成	补绘	09_塔动画关键姿势/123_巨噬细胞清道夫_恢复姿势.png	09_塔动画关键姿势/123_巨噬细胞清道夫_恢复姿势.png	1254×1254	tower:8	https://app.notion.com/p/3b8c4f95162081bab6b1e1759f0c43cd?pvs=204	00_清单/提示词/123.txt	7B7FF0C4CBB5EDEAC2F5D5681B3597931D03AD64C74D73EC52E51AFEA141D5A5
124	09_塔动画关键姿势	抗体B细胞中继_蓄力姿势	已完成	补绘	09_塔动画关键姿势/124_抗体B细胞中继_蓄力姿势.png	09_塔动画关键姿势/124_抗体B细胞中继_蓄力姿势.png	1254×1254	tower:8	https://app.notion.com/p/3b8c4f95162081bab6b1e1759f0c43cd?pvs=204	00_清单/提示词/124.txt	8798381D0208A1BF981355B9A0296285095A8C2EA1D929DAACBA5F1C12B3C7A4
125	09_塔动画关键姿势	抗体B细胞中继_释放姿势	已完成	补绘	09_塔动画关键姿势/125_抗体B细胞中继_释放姿势.png	09_塔动画关键姿势/125_抗体B细胞中继_释放姿势.png	1254×1254	tower:8	https://app.notion.com/p/3b8c4f95162081bab6b1e1759f0c43cd?pvs=204	00_清单/提示词/125.txt	5F17BD3B8F519422C5A4162AC7FEE2E437D68447C8259093898BC59291346ED9
126	09_塔动画关键姿势	抗体B细胞中继_恢复姿势	已完成	补绘	09_塔动画关键姿势/126_抗体B细胞中继_恢复姿势.png	09_塔动画关键姿势/126_抗体B细胞中继_恢复姿势.png	1254×1254	tower:8	https://app.notion.com/p/3b8c4f95162081bab6b1e1759f0c43cd?pvs=204	00_清单/提示词/126.txt	847CB68723CC884FE96A31994A961C3D14AE2943002C02838A234DCA4FBA9943
127	10_敌人动画关键姿势	葡萄球菌群_移动伸展	已完成	补绘	10_敌人动画关键姿势/127_葡萄球菌群_移动伸展.png	10_敌人动画关键姿势/127_葡萄球菌群_移动伸展.png	1254×1254	enemy:10	https://app.notion.com/p/3b8c4f95162081bdb970f8cc1fea688f?pvs=204	00_清单/提示词/127.txt	F6EC33FB8D209F9F2B6B7F0881CB1B0728BCAAE4AE28D8B76524075528F9399B
128	10_敌人动画关键姿势	葡萄球菌群_受击压缩	已完成	补绘	10_敌人动画关键姿势/128_葡萄球菌群_受击压缩.png	10_敌人动画关键姿势/128_葡萄球菌群_受击压缩.png	1254×1254	enemy:10	https://app.notion.com/p/3b8c4f95162081bdb970f8cc1fea688f?pvs=204	00_清单/提示词/128.txt	682BF8D38770AB60E0C5B720616CE6565A5ED0C211630E0B9C701473E0127957
129	10_敌人动画关键姿势	葡萄球菌群_清除溶解	已完成	补绘	10_敌人动画关键姿势/129_葡萄球菌群_清除溶解.png	10_敌人动画关键姿势/129_葡萄球菌群_清除溶解.png	1254×1254	enemy:10	https://app.notion.com/p/3b8c4f95162081bdb970f8cc1fea688f?pvs=204	00_清单/提示词/129.txt	99C104887BAC86AEA8E43E6D292C983D037C36BB75E7362F5A8C2A520FFDB938
130	10_敌人动画关键姿势	鞭毛双球菌_移动伸展	已完成	补绘	10_敌人动画关键姿势/130_鞭毛双球菌_移动伸展.png	10_敌人动画关键姿势/130_鞭毛双球菌_移动伸展.png	1254×1254	enemy:10	https://app.notion.com/p/3b8c4f95162081bdb970f8cc1fea688f?pvs=204	00_清单/提示词/130.txt	D24459D44C9DFA9AB712C55FAC2FE97099770FDED9822205EBF8A93FD962D383
131	10_敌人动画关键姿势	鞭毛双球菌_受击压缩	已完成	补绘	10_敌人动画关键姿势/131_鞭毛双球菌_受击压缩.png	10_敌人动画关键姿势/131_鞭毛双球菌_受击压缩.png	1254×1254	enemy:10	https://app.notion.com/p/3b8c4f95162081bdb970f8cc1fea688f?pvs=204	00_清单/提示词/131.txt	E718A03DBA66129AB954E088B4A63B2AEC33F9DE56B4DD4F6714403DFBEC9D38
132	10_敌人动画关键姿势	鞭毛双球菌_清除溶解	已完成	补绘	10_敌人动画关键姿势/132_鞭毛双球菌_清除溶解.png	10_敌人动画关键姿势/132_鞭毛双球菌_清除溶解.png	1254×1254	enemy:10	https://app.notion.com/p/3b8c4f95162081bdb970f8cc1fea688f?pvs=204	00_清单/提示词/132.txt	298585414492F9E2E862B4619E098932651343B72C7BBAADD27B573FA2AA13D0
133	10_敌人动画关键姿势	重甲芽孢杆菌_移动伸展	已完成	补绘	10_敌人动画关键姿势/133_重甲芽孢杆菌_移动伸展.png	10_敌人动画关键姿势/133_重甲芽孢杆菌_移动伸展.png	1254×1254	enemy:10	https://app.notion.com/p/3b8c4f95162081bdb970f8cc1fea688f?pvs=204	00_清单/提示词/133.txt	663774D34B279DDDF06FFB5041553F8950A545CF067594924F0402BC879B0EFA
134	10_敌人动画关键姿势	重甲芽孢杆菌_受击压缩	已完成	补绘	10_敌人动画关键姿势/134_重甲芽孢杆菌_受击压缩.png	10_敌人动画关键姿势/134_重甲芽孢杆菌_受击压缩.png	1254×1254	enemy:10	https://app.notion.com/p/3b8c4f95162081bdb970f8cc1fea688f?pvs=204	00_清单/提示词/134.txt	95C2AE7B1194528980EB6D706724267B4633BE8620E8C6149867AD084D704C38
135	10_敌人动画关键姿势	重甲芽孢杆菌_清除溶解	已完成	补绘	10_敌人动画关键姿势/135_重甲芽孢杆菌_清除溶解.png	10_敌人动画关键姿势/135_重甲芽孢杆菌_清除溶解.png	1254×1254	enemy:10	https://app.notion.com/p/3b8c4f95162081bdb970f8cc1fea688f?pvs=204	00_清单/提示词/135.txt	D716A7131DF79345B764A82D56366716D9766D6A16F666BF59CC06C8AC42D7E2
136	10_敌人动画关键姿势	变异超级真菌_移动伸展	已完成	补绘	10_敌人动画关键姿势/136_变异超级真菌_移动伸展.png	10_敌人动画关键姿势/136_变异超级真菌_移动伸展.png	1254×1254	enemy:10	https://app.notion.com/p/3b8c4f95162081bdb970f8cc1fea688f?pvs=204	00_清单/提示词/136.txt	8F893DA548C92F082CC8F059322B152976B40BFD0ECAE3B9FBE5B4CD82645324
137	10_敌人动画关键姿势	变异超级真菌_受击压缩	已完成	补绘	10_敌人动画关键姿势/137_变异超级真菌_受击压缩.png	10_敌人动画关键姿势/137_变异超级真菌_受击压缩.png	1254×1254	enemy:10	https://app.notion.com/p/3b8c4f95162081bdb970f8cc1fea688f?pvs=204	00_清单/提示词/137.txt	23545E659725C48251470B00315443C39B71B3C5E73F6E3CFBC56465E2BCFD89
138	10_敌人动画关键姿势	变异超级真菌_清除溶解	已完成	补绘	10_敌人动画关键姿势/138_变异超级真菌_清除溶解.png	10_敌人动画关键姿势/138_变异超级真菌_清除溶解.png	1254×1254	enemy:10	https://app.notion.com/p/3b8c4f95162081bdb970f8cc1fea688f?pvs=204	00_清单/提示词/138.txt	91269DF743FE274CCBB1D0EF07049E2DE76BE9DE5174C4814CE028DE23B58067
139	10_敌人动画关键姿势	细菌生物膜核心_移动伸展	已完成	补绘	10_敌人动画关键姿势/139_细菌生物膜核心_移动伸展.png	10_敌人动画关键姿势/139_细菌生物膜核心_移动伸展.png	1254×1254	enemy:10	https://app.notion.com/p/3b8c4f95162081bdb970f8cc1fea688f?pvs=204	00_清单/提示词/139.txt	FBFE619588999D1868A34C5E3E005552A07A66FF427B0CFB0F0DBA1DD185D908
140	10_敌人动画关键姿势	细菌生物膜核心_受击压缩	已完成	补绘	10_敌人动画关键姿势/140_细菌生物膜核心_受击压缩.png	10_敌人动画关键姿势/140_细菌生物膜核心_受击压缩.png	1254×1254	enemy:10	https://app.notion.com/p/3b8c4f95162081bdb970f8cc1fea688f?pvs=204	00_清单/提示词/140.txt	0AEB031232E3AF2ADE6A09EEFBF7612C2EC946DC2FA1CE37384C6D98AF46140E
141	10_敌人动画关键姿势	细菌生物膜核心_清除溶解	已完成	补绘	10_敌人动画关键姿势/141_细菌生物膜核心_清除溶解.png	10_敌人动画关键姿势/141_细菌生物膜核心_清除溶解.png	1254×1254	enemy:10	https://app.notion.com/p/3b8c4f95162081bdb970f8cc1fea688f?pvs=204	00_清单/提示词/141.txt	1693258CB7699946784B10D019F1E883315DB1ABCD7AD0B8F1C07B020B74DB68
142	10_敌人动画关键姿势	病毒母体_移动伸展	已完成	补绘	10_敌人动画关键姿势/142_病毒母体_移动伸展.png	10_敌人动画关键姿势/142_病毒母体_移动伸展.png	1254×1254	enemy:10	https://app.notion.com/p/3b8c4f95162081bdb970f8cc1fea688f?pvs=204	00_清单/提示词/142.txt	141E20ED80E7B3E12F5271F0AA18C128CD7A439F84897BE2E184C905A418672E
143	10_敌人动画关键姿势	病毒母体_受击压缩	已完成	补绘	10_敌人动画关键姿势/143_病毒母体_受击压缩.png	10_敌人动画关键姿势/143_病毒母体_受击压缩.png	1254×1254	enemy:10	https://app.notion.com/p/3b8c4f95162081bdb970f8cc1fea688f?pvs=204	00_清单/提示词/143.txt	75B5651FC727ED5CE23C05E1E53226E8632F6FD8C735B5F3545A404686074CEE
144	10_敌人动画关键姿势	病毒母体_清除溶解	已完成	补绘	10_敌人动画关键姿势/144_病毒母体_清除溶解.png	10_敌人动画关键姿势/144_病毒母体_清除溶解.png	1254×1254	enemy:10	https://app.notion.com/p/3b8c4f95162081bdb970f8cc1fea688f?pvs=204	00_清单/提示词/144.txt	E6F58EEAC7A04DC325F233885ECBC815941BDDA03E9C68E64C71D6488445F215
145	11_塔位资源与技能	近路吞噬塔位	已完成	补绘	11_塔位资源与技能/145_近路吞噬塔位.png	11_塔位资源与技能/145_近路吞噬塔位.png	1312×1199	art:7 / gdd:4.2,5.1 / vfx:11	https://app.notion.com/p/3b8c4f951620817cb407f1726dc3df97?pvs=204	00_清单/提示词/145.txt	42313B3F9F7D96F531886BB57E14A821C26CBBD74C226B8B4389F31EF773AB49
146	11_塔位资源与技能	信号枢纽塔位	已完成	补绘	11_塔位资源与技能/146_信号枢纽塔位.png	11_塔位资源与技能/146_信号枢纽塔位.png	1302×1208	art:7 / gdd:4.2,5.1 / vfx:11	https://app.notion.com/p/3b8c4f951620817cb407f1726dc3df97?pvs=204	00_清单/提示词/146.txt	6F7569FAB336398A0CB3B38D06CE0703C05AA367D97806F2AECCEA673259C2AD
147	11_塔位资源与技能	活性组织塔位	已完成	补绘	11_塔位资源与技能/147_活性组织塔位.png	11_塔位资源与技能/147_活性组织塔位.png	1254×1254	art:7 / gdd:4.2,5.1 / vfx:11	https://app.notion.com/p/3b8c4f951620817cb407f1726dc3df97?pvs=204	00_清单/提示词/147.txt	287C669AF5D5B4641240D1799F4702E234EE526273551DF0B36BAE70ED15D40B
148	11_塔位资源与技能	感染塔位	已完成	补绘	11_塔位资源与技能/148_感染塔位.png	11_塔位资源与技能/148_感染塔位.png	1254×1254	art:7 / gdd:4.2,5.1 / vfx:11	https://app.notion.com/p/3b8c4f951620817cb407f1726dc3df97?pvs=204	00_清单/提示词/148.txt	B4EADC75E9CE2F92C6C94242CE04ED3CE69F2EBEEFC431F34FD5CED4FDA5FDD8
149	11_塔位资源与技能	ATP资源图标	已完成	补绘	11_塔位资源与技能/149_ATP资源图标.png	11_塔位资源与技能/149_ATP资源图标.png	1254×1254	art:7 / gdd:4.2,5.1 / vfx:11	https://app.notion.com/p/3b8c4f951620817cb407f1726dc3df97?pvs=204	00_清单/提示词/149.txt	B14EB9136674F3BD97A534CCE2789156907427CD77ECD82C93A71A4320CB8B90
150	11_塔位资源与技能	免疫记忆点图标	已完成	补绘	11_塔位资源与技能/150_免疫记忆点图标.png	11_塔位资源与技能/150_免疫记忆点图标.png	1254×1254	art:7 / gdd:4.2,5.1 / vfx:11	https://app.notion.com/p/3b8c4f951620817cb407f1726dc3df97?pvs=204	00_清单/提示词/150.txt	B36D07F7177F8EF04A157B64CC47B055BA321D8A17266259498C777D8B2FF8E1
151	11_塔位资源与技能	发热反应技能图标	已完成	补绘	11_塔位资源与技能/151_发热反应技能图标.png	11_塔位资源与技能/151_发热反应技能图标.png	1254×1254	art:7 / gdd:4.2,5.1 / vfx:11	https://app.notion.com/p/3b8c4f951620817cb407f1726dc3df97?pvs=204	00_清单/提示词/151.txt	CE4F7D9D5D728A2F2EDDF835EC001CA529E5EA61BA5F6702657AA7929DD3D34B
152	11_塔位资源与技能	抗体轰炸技能图标	已完成	补绘	11_塔位资源与技能/152_抗体轰炸技能图标.png	11_塔位资源与技能/152_抗体轰炸技能图标.png	1254×1254	art:7 / gdd:4.2,5.1 / vfx:11	https://app.notion.com/p/3b8c4f951620817cb407f1726dc3df97?pvs=204	00_清单/提示词/152.txt	2E0FCC8F5A3550CC8BEBF004BD2D3472C37934CC6CC39193581449330EE8CFDB
153	11_塔位资源与技能	凝血封锁技能图标	已完成	补绘	11_塔位资源与技能/153_凝血封锁技能图标.png	11_塔位资源与技能/153_凝血封锁技能图标.png	1254×1254	art:7 / gdd:4.2,5.1 / vfx:11	https://app.notion.com/p/3b8c4f951620817cb407f1726dc3df97?pvs=204	00_清单/提示词/153.txt	621E90B29E42B611C618D3CA6DBC39F3415DE2AFCD31C584175C029176C32064
154	11_塔位资源与技能	伤口入口覆盖层	已完成	补绘	11_塔位资源与技能/154_伤口入口覆盖层.png	11_塔位资源与技能/154_伤口入口覆盖层.png	1322×1190	art:7 / gdd:4.2,5.1 / vfx:11	https://app.notion.com/p/3b8c4f951620817cb407f1726dc3df97?pvs=204	00_清单/提示词/154.txt	079C3EF33C360D280F131BB72143483F26C4688E838D8B0C88453269C3AF8DDA
155	11_塔位资源与技能	深层组织保护目标	已完成	补绘	11_塔位资源与技能/155_深层组织保护目标.png	11_塔位资源与技能/155_深层组织保护目标.png	1254×1254	art:7 / gdd:4.2,5.1 / vfx:11	https://app.notion.com/p/3b8c4f951620817cb407f1726dc3df97?pvs=204	00_清单/提示词/155.txt	634F0F3F28F5FAE2794905B1C5986A36223EEE1049D14A54CBAF46D08BD77C74

