编号	类别	名称	来源条目
001	01_塔升级	中性粒细胞哨兵_LV2_趋化强化	tower:2.3 LV2 追加句：趋化强化
002	01_塔升级	中性粒细胞哨兵_LV3A_NET 捕获	tower:2.4 LV3-A：NET 捕获
003	01_塔升级	中性粒细胞哨兵_LV3B_精准趋化	tower:2.5 LV3-B：精准趋化
004	02_塔图标	中性粒细胞哨兵_图标	tower:2.6 塔卡图标提示词
005	01_塔升级	纤维蛋白壁垒_LV2_纤维致密	tower:3.3 LV2 追加句：纤维致密
006	01_塔升级	纤维蛋白壁垒_LV3A_隔离纤维	tower:3.4 LV3-A：隔离纤维
007	01_塔升级	纤维蛋白壁垒_LV3B_稳态凝固	tower:3.5 LV3-B：稳态凝固
008	02_塔图标	纤维蛋白壁垒_图标	tower:3.6 塔卡图标提示词
009	01_塔升级	溶酶体酸化炮_LV2_囊泡储备	tower:4.3 LV2 追加句：囊泡储备
010	01_塔升级	溶酶体酸化炮_LV3A_破膜酸化	tower:4.4 LV3-A：破膜酸化
011	01_塔升级	溶酶体酸化炮_LV3B_定向囊泡	tower:4.5 LV3-B：定向囊泡
012	02_塔图标	溶酶体酸化炮_图标	tower:4.6 塔卡图标提示词
013	01_塔升级	神经脉冲刺突_LV2_传导增幅	tower:5.3 LV2 追加句：传导增幅
014	01_塔升级	神经脉冲刺突_LV3A_信号封锁	tower:5.4 LV3-A：信号封锁
015	01_塔升级	神经脉冲刺突_LV3B_同步电弧	tower:5.5 LV3-B：同步电弧
016	02_塔图标	神经脉冲刺突_图标	tower:5.6 塔卡图标提示词
017	01_塔升级	巨噬细胞清道夫_LV2_伪足加速	tower:6.3 LV2 追加句：伪足加速
018	01_塔升级	巨噬细胞清道夫_LV3A_消化回收	tower:6.4 LV3-A：消化回收
019	01_塔升级	巨噬细胞清道夫_LV3B_巨物裂解	tower:6.5 LV3-B：巨物裂解
020	02_塔图标	巨噬细胞清道夫_图标	tower:6.6 塔卡图标提示词
021	01_塔升级	抗体B细胞中继_LV2_亲和成熟	tower:7.3 LV2 追加句：亲和成熟
022	01_塔升级	抗体B细胞中继_LV3A_克隆记忆	tower:7.4 LV3-A：克隆记忆
023	01_塔升级	抗体B细胞中继_LV3B_连续中继	tower:7.5 LV3-B：连续中继
024	02_塔图标	抗体B细胞中继_图标	tower:7.6 塔卡图标提示词
025	03_普通敌人与状态	葡萄球菌群_基础	enemy:3.2 单位生产精灵提示词
026	03_普通敌人与状态	葡萄球菌群_群落聚集	enemy:3.3 群落聚集提示词
027	03_普通敌人与状态	葡萄球菌群_生物膜软适应	enemy:3.4 生物膜软适应提示词
028	04_敌人图标	葡萄球菌群_图标	enemy:3.5 图标提示词
029	03_普通敌人与状态	鞭毛双球菌_基础	enemy:4.2 单位生产精灵提示词
030	03_普通敌人与状态	鞭毛双球菌_集群冲刺状态	enemy:4.3 集群冲刺状态提示词
031	03_普通敌人与状态	鞭毛双球菌_被凝血隔离状态	enemy:4.4 被凝血隔离状态提示词
032	04_敌人图标	鞭毛双球菌_图标	enemy:4.5 图标提示词
033	03_普通敌人与状态	重甲芽孢杆菌_基础	enemy:5.2 单位生产精灵提示词
034	03_普通敌人与状态	重甲芽孢杆菌_破膜状态	enemy:5.3 破膜状态提示词
035	03_普通敌人与状态	重甲芽孢杆菌_吞噬阈值状态	enemy:5.4 吞噬阈值状态提示词
036	04_敌人图标	重甲芽孢杆菌_图标	enemy:5.5 图标提示词
037	05_Boss与阶段	变异超级真菌_基础	enemy:6.2 基础 Boss 生产精灵提示词
038	05_Boss与阶段	变异超级真菌_阶段一：休眠侵入	enemy:6.3 阶段一：休眠侵入
039	05_Boss与阶段	变异超级真菌_阶段二：孢子播散	enemy:6.4 阶段二：孢子播散
040	05_Boss与阶段	变异超级真菌_阶段三：菌丝干扰	enemy:6.5 阶段三：菌丝干扰
041	04_敌人图标	变异超级真菌_Boss 图标	enemy:6.6 Boss 图标提示词
042	05_Boss与阶段	细菌生物膜核心_基础	enemy:7.2 生产精灵提示词
043	05_Boss与阶段	细菌生物膜核心_护盾脉冲状态	enemy:7.3 护盾脉冲状态
044	05_Boss与阶段	细菌生物膜核心_破膜状态	enemy:7.4 破膜状态
045	05_Boss与阶段	病毒母体_基础	enemy:8.2 生产精灵提示词
046	05_Boss与阶段	病毒母体_复制阶段	enemy:8.3 阶段变体追加句
047	05_Boss与阶段	病毒母体_变异阶段	enemy:8.3 阶段变体追加句
048	05_Boss与阶段	病毒母体_劫持阶段	enemy:8.3 阶段变体追加句
049	06_状态图标	已采样	enemy:9
050	06_状态图标	已标记	enemy:9
051	06_状态图标	群落感应	enemy:9
052	06_状态图标	生物膜	enemy:9
053	06_状态图标	集群冲刺	enemy:9
054	06_状态图标	孢子播散	enemy:9
055	07_地图与覆盖层	第一关_生产背景	map:3.3 生产背景提示词
056	07_地图与覆盖层	第一关_路径蒙版参考	map:3.4 路径蒙版参考提示词
057	07_地图与覆盖层	第一关_关卡选择卡	map:3.5 关卡选择卡提示词
058	07_地图与覆盖层	第二关_生产背景	map:4.3 生产背景提示词
059	07_地图与覆盖层	第二关_双路线蒙版参考	map:4.4 双路线蒙版参考提示词
060	07_地图与覆盖层	第二关_感染覆盖层	map:4.5 感染覆盖层提示词
061	07_地图与覆盖层	第二关_关卡选择卡	map:4.6 关卡选择卡提示词
062	07_地图与覆盖层	第三关_氛围概念图	map:5.2 氛围概念图提示词
063	07_地图与覆盖层	第三关_生产背景	map:5.3 生产背景提示词
064	07_地图与覆盖层	第三关_分叉路线蒙版参考	map:5.4 分叉路线蒙版参考提示词
065	07_地图与覆盖层	第三关_血管阀门覆盖层	map:5.5 血管阀门覆盖层提示词
066	07_地图与覆盖层	第三关_关卡选择卡	map:5.6 关卡选择卡提示词
067	07_地图与覆盖层	_信号节点底图	map:6.1 信号节点底图提示词
068	07_地图与覆盖层	_信号纤维纹理	map:6.2 信号纤维纹理提示词
069	07_地图与覆盖层	_宣传主视觉	map:7. 宣传主视觉提示词
070	08_子弹与特效	单体子弹	vfx:2.2 单体子弹提示词
071	08_子弹与特效	高频曳光	vfx:2.3 高频曳光提示词
072	08_子弹与特效	命中	vfx:2.4 命中提示词
073	08_子弹与特效	已采样碎片	vfx:2.5 已采样碎片提示词
074	08_子弹与特效	基础减速/群落隔离环	vfx:3.1 基础减速/群落隔离环
075	08_子弹与特效	群落信号切断	vfx:3.2 群落信号切断
076	08_子弹与特效	稳态降炎脉冲	vfx:3.3 稳态降炎脉冲
077	08_子弹与特效	慢速酸化囊泡弹	vfx:4.1 慢速酸化囊泡弹
078	08_子弹与特效	囊泡飞行拖尾	vfx:4.2 囊泡飞行拖尾
079	08_子弹与特效	囊泡落地/命中	vfx:4.3 囊泡落地/命中
080	08_子弹与特效	酸化区域	vfx:4.4 酸化区域
081	08_子弹与特效	生物膜裂纹	vfx:4.5 生物膜裂纹
082	08_子弹与特效	单段电弧	vfx:5.1 单段电弧
083	08_子弹与特效	群落连锁路径	vfx:5.2 群落连锁路径
084	08_子弹与特效	信号封锁命中	vfx:5.3 信号封锁命中
085	08_子弹与特效	电击无障碍替代	vfx:5.4 电击无障碍替代
086	08_子弹与特效	伪足包裹弧	vfx:6.1 伪足包裹弧
087	08_子弹与特效	清除收缩	vfx:6.2 清除收缩
088	08_子弹与特效	生物酶回收滴	vfx:6.3 生物酶回收滴
089	08_子弹与特效	免疫记忆脉冲	vfx:6.4 免疫记忆脉冲
090	08_子弹与特效	抗体标记环	vfx:7.1 抗体标记环
091	08_子弹与特效	样本传递光点	vfx:7.2 样本传递光点
092	08_子弹与特效	连续中继	vfx:7.3 连续中继
093	08_子弹与特效	护盾/加速剥离	vfx:7.4 护盾/加速剥离
094	08_子弹与特效	物理/微脉冲命中	vfx:8.1 物理/微脉冲命中
095	08_子弹与特效	化学持续伤害 Tick	vfx:8.2 化学持续伤害 Tick
096	08_子弹与特效	控制/打断	vfx:8.3 控制/打断
097	08_子弹与特效	护甲受击但未破	vfx:8.4 护甲受击但未破
098	08_子弹与特效	破膜成功	vfx:8.5 破膜成功
099	08_子弹与特效	群落感应连线	vfx:9.1 群落感应连线
100	08_子弹与特效	三段群落量表元素	vfx:9.2 三段群落量表元素
101	08_子弹与特效	生物膜共享边缘	vfx:9.3 生物膜共享边缘
102	08_子弹与特效	孢子播散	vfx:9.4 孢子播散
103	08_子弹与特效	有效应答区间	vfx:10.1 有效应答区间
104	08_子弹与特效	过度炎症警告	vfx:10.2 过度炎症警告
105	08_子弹与特效	细胞因子风暴（玩法改编）	vfx:10.3 细胞因子风暴（玩法改编）
106	08_子弹与特效	发热反应	vfx:11.1 发热反应
107	08_子弹与特效	抗体轰炸	vfx:11.2 抗体轰炸
108	08_子弹与特效	凝血封锁	vfx:11.3 凝血封锁
109	09_塔动画关键姿势	中性粒细胞哨兵_蓄力姿势	tower:8
110	09_塔动画关键姿势	中性粒细胞哨兵_释放姿势	tower:8
111	09_塔动画关键姿势	中性粒细胞哨兵_恢复姿势	tower:8
112	09_塔动画关键姿势	纤维蛋白壁垒_蓄力姿势	tower:8
113	09_塔动画关键姿势	纤维蛋白壁垒_释放姿势	tower:8
114	09_塔动画关键姿势	纤维蛋白壁垒_恢复姿势	tower:8
115	09_塔动画关键姿势	溶酶体酸化炮_蓄力姿势	tower:8
116	09_塔动画关键姿势	溶酶体酸化炮_释放姿势	tower:8
117	09_塔动画关键姿势	溶酶体酸化炮_恢复姿势	tower:8
118	09_塔动画关键姿势	神经脉冲刺突_蓄力姿势	tower:8
119	09_塔动画关键姿势	神经脉冲刺突_释放姿势	tower:8
120	09_塔动画关键姿势	神经脉冲刺突_恢复姿势	tower:8
121	09_塔动画关键姿势	巨噬细胞清道夫_蓄力姿势	tower:8
122	09_塔动画关键姿势	巨噬细胞清道夫_释放姿势	tower:8
123	09_塔动画关键姿势	巨噬细胞清道夫_恢复姿势	tower:8
124	09_塔动画关键姿势	抗体B细胞中继_蓄力姿势	tower:8
125	09_塔动画关键姿势	抗体B细胞中继_释放姿势	tower:8
126	09_塔动画关键姿势	抗体B细胞中继_恢复姿势	tower:8
127	10_敌人动画关键姿势	葡萄球菌群_移动伸展	enemy:10
128	10_敌人动画关键姿势	葡萄球菌群_受击压缩	enemy:10
129	10_敌人动画关键姿势	葡萄球菌群_清除溶解	enemy:10
130	10_敌人动画关键姿势	鞭毛双球菌_移动伸展	enemy:10
131	10_敌人动画关键姿势	鞭毛双球菌_受击压缩	enemy:10
132	10_敌人动画关键姿势	鞭毛双球菌_清除溶解	enemy:10
133	10_敌人动画关键姿势	重甲芽孢杆菌_移动伸展	enemy:10
134	10_敌人动画关键姿势	重甲芽孢杆菌_受击压缩	enemy:10
135	10_敌人动画关键姿势	重甲芽孢杆菌_清除溶解	enemy:10
136	10_敌人动画关键姿势	变异超级真菌_移动伸展	enemy:10
137	10_敌人动画关键姿势	变异超级真菌_受击压缩	enemy:10
138	10_敌人动画关键姿势	变异超级真菌_清除溶解	enemy:10
139	10_敌人动画关键姿势	细菌生物膜核心_移动伸展	enemy:10
140	10_敌人动画关键姿势	细菌生物膜核心_受击压缩	enemy:10
141	10_敌人动画关键姿势	细菌生物膜核心_清除溶解	enemy:10
142	10_敌人动画关键姿势	病毒母体_移动伸展	enemy:10
143	10_敌人动画关键姿势	病毒母体_受击压缩	enemy:10
144	10_敌人动画关键姿势	病毒母体_清除溶解	enemy:10
145	11_塔位资源与技能	近路吞噬塔位	art:7 / gdd:4.2,5.1 / vfx:11
146	11_塔位资源与技能	信号枢纽塔位	art:7 / gdd:4.2,5.1 / vfx:11
147	11_塔位资源与技能	活性组织塔位	art:7 / gdd:4.2,5.1 / vfx:11
148	11_塔位资源与技能	感染塔位	art:7 / gdd:4.2,5.1 / vfx:11
149	11_塔位资源与技能	ATP资源图标	art:7 / gdd:4.2,5.1 / vfx:11
150	11_塔位资源与技能	免疫记忆点图标	art:7 / gdd:4.2,5.1 / vfx:11
151	11_塔位资源与技能	发热反应技能图标	art:7 / gdd:4.2,5.1 / vfx:11
152	11_塔位资源与技能	抗体轰炸技能图标	art:7 / gdd:4.2,5.1 / vfx:11
153	11_塔位资源与技能	凝血封锁技能图标	art:7 / gdd:4.2,5.1 / vfx:11
154	11_塔位资源与技能	伤口入口覆盖层	art:7 / gdd:4.2,5.1 / vfx:11
155	11_塔位资源与技能	深层组织保护目标	art:7 / gdd:4.2,5.1 / vfx:11